k;Estimation of  similar items;Computation time
5;44;37.04424047470093
6;14;58.39111638069153
7;13;87.0242567062378
8;14;131.41021871566772
9;14;170.06948161125183
10;13;206.73358058929443
11;14;239.37506127357483
12;13;251.35047554969788
13;12;245.91451716423035
14;12;281.97490334510803
